First Name,Last Name,Title,Company,Industry,Keywords,Person Linkedin Url,Website,Twitter Url,City,State
Don,Dodge,,REDEF,investment management,"investment management,retirement,incomeplus,rrsp,boomer,segregated funds,annuities,term insurance,art supplies,arts & crafts,shopping",http://www.linkedin.com/in/dondodge,http://www.typepad.com,https://twitter.com/cozmotv/,Naples,Florida
Jared,Hecht,Co-Founder & Chief Executive Officer,Fundera,financial services,"financial services,small & medium businesses,finance technology,loans,finance,small business finance & online lending",http://www.linkedin.com/in/jaredhecht,http://www.fundera.com,http://twitter.com/fundera,New York,New York
Michael,Mignano,Head of Podcaster,Spotify,music,,http://www.linkedin.com/in/mmignano,http://www.spotify.com,https://twitter.com/Spotify,New York,New York
Mark,Tebbe,Adjunct Professor of Entrepreneurship,University of Chicago Booth School of Business,higher education,"clean technology,healthcare,mobile,higher education,information technology",http://www.linkedin.com/in/mtebbe,http://www.chicagobooth.edu,http://www.twitter.com/polskycenter,Chicago,Illinois
Ben,Lamm,Founder & CEO,Colossal Biosciences,,,http://www.linkedin.com/in/benlamm,http://www.benlamm.com,,Austin,Texas
Maulik,Majmudar,Chief Medical Officer and Co-Founder,,,,http://www.linkedin.com/in/mmajmudar,,,Boston,Massachusetts
Gregg,Bennett,Chairman & Founder,SCATE Ventures,sports,"journalism,sports,college,athletics",http://www.linkedin.com/in/gregg-bennett,http://www.herosports.com,,Seattle,Washington
Salmanson,Salmanson,Co-Founder,Cherre,real estate,"real estate,software,ai,ml,analytics",http://www.linkedin.com/in/ldsalmanson,http://www.cherre.com,https://twitter.com/cherrecore,New York,New York
Etienne,Leroy,CMO & CPO and Co-Founder,OpenFrame,consumer goods,"consumer electronics,security,sensors,internet,hardware,embedded hardware and software,information technology,360 imaging technology,virtual reality,software,product design,360 videos",http://www.linkedin.com/in/etienneleroy,http://www.giroptic.com,http://www.twitter.com/giroptic,Cambridge,Massachusetts
Darrell,Silver,CEO & Co-Founder,Thinkful,,,http://www.linkedin.com/in/darrellsilver,http://www.darrellsilver.com,,New York,New York
Leif,Abraham,Co-CEO,Public.com,financial services,"mobile,financial services,finance technology,personal finance,information technology,finance",http://www.linkedin.com/in/leifabraham,http://www.public.com,https://twitter.com/Matador_Trading,New York,New York
Wenda,Millard,"Vice Chairman, President & Chief Operating Officer",MediaLink,marketing & advertising,"digital media,consulting,media,consumer internet,internet,information technology,advertising,marketing,entertainment",http://www.linkedin.com/in/wendaharrismillard,http://www.medialink.com,https://twitter.com/MediaLink,New York,New York
Jeffrey,Wald,Executive Chairman,Bento Engine,computer software,"enterprise software,saas,freelancers,labor optimization,software,information technology,online staffing platform,workforce solutions,labor automation,total talent management,ondemand workforce management,workforceasaservice,workforce automation",http://www.linkedin.com/in/jeffwald,http://www.workmarket.com,http://twitter.com/workmarket,New York,New York
Justin,Smith,Managing Director,Ark Applications,,,http://www.linkedin.com/in/justinrsmith2,,,Tampa,Florida
Larry,Kaplan,CEO Mentor,,,,http://www.linkedin.com/in/larrykaplan1,,,Chicago,Illinois
Jay,Long,EVP Business Development/Founder,Pathways,,,http://www.linkedin.com/in/jaylong1,,,Phoenix,Arizona
Anjali,Kumar,Co-Founder,,,,http://www.linkedin.com/in/anjali-kumar-781b2b24,,,New York,New York
Harry,Shum,Emeritus Researcher,,,,http://www.linkedin.com/in/harryshum,,,Redmond,Washington
Konstantin,Mehl,"CEO, Founder & President",Kaia Health,computer software,"artificial intelligence,digital health,motion capture,digital therapeutics,deep information technology,human computer interaction,information technology,digital therapy,pain treatment,digital therapy interface,insurance,back pain treatment",http://www.linkedin.com/in/konstantinmehl,http://www.kaiahealth.com,https://twitter.com/KaiaHealth,New York,New York
Mohsin,Ali,Founder & Chief Executive at Clayive.com,Clayive,marketing & advertising,"digital marketing,search engine marketing,email marketing,content marketing,social media marketing,growth marketing,website development,ecommerce,advertising,application development,ux,ui,creative strategy,design,marketing automation,facebook marketing,marketing agency",http://www.linkedin.com/in/mohsinaliw,http://www.clayive.com,https://twitter.com/clayivedigital,Houston,Texas
Brian,Perrott,Co-Founder | President,BluePallet,international trade & development,,http://www.linkedin.com/in/brianperrott,http://www.bluepallet.io,https://twitter.com/bluepalletio,Austin,Texas
Kurt,Bilafer,,Banzai,computer software,"event registration,digital engagement,audience generation,lead generation",http://www.linkedin.com/in/kurtjbilafer,http://www.highattendance.com,https://twitter.com/getbanzai,Plano,Texas
Jose,Andres,President/Chef,Think Food Group,restaurants,"hospitality,restaurants,consulting",http://www.linkedin.com/in/jose-andres-54a45219,http://www.thinkfoodgroup.com,http://www.twitter.com/thinkfoodgroup,Washington,District of Columbia
Yosh,Eisbart,Co-Founder & CEO at Fulfilld,Fulfilld,information technology & services,"warehouse management software,software as a service,simpleeasy implementation,systemdriven proactive recommendations",http://www.linkedin.com/in/yosheisbart,http://www.fulfilld.io,,Denver,Colorado
Chris,Turnley,Sales,MediaTech Ventures,financial services,"checking accounts,home loans,savings accounts,credit cards,auto loans,business loans,business checking accounts,personal loans,boat loans,rv loans,insurance,investments,retirement planning,banks & credit unions,financial services",http://www.linkedin.com/in/christurnley,http://www.ufcu.org,https://twitter.com/ufcu,Austin,Texas
Jonny,Rhea,Co-Founder and CTO,Element Finance,internet,,http://www.linkedin.com/in/jrhea,http://www.element.fi,,Dallas,Texas
Michael,Rubenstein,Co-Founder and President,OpenStore,internet,,http://www.linkedin.com/in/mrubenstein99,http://www.open.store,,New York,New York
Madeline,Darcy,Founding Partner,madelinedarcy.com,,,http://www.linkedin.com/in/madelinedarcy,http://www.madelinedarcy.com,,Boston,Massachusetts
Shereen,Shermak,,,,,http://www.linkedin.com/pub/shereen-shermak/0/8a/400,,,Boston,Massachusetts
Lolita,Taub,Co-founder and General Partner,The Community Fund,,,http://www.linkedin.com/in/lolitataub,,,Baltimore,Maryland
Roman,Glushchuk,President,REDLINE IT,,,http://www.linkedin.com/in/romanglushchuk,,,Boston,Massachusetts
Laura,Lauder,"Co-Founder, Foundation Board Incubator",Jewish Teen Funders Network,,,http://www.linkedin.com/in/laura-lauder-5a5ab81,,,Philadelphia,Pennsylvania
Jaffray,Woodriff,Co-Founder & CEO,Quantitative Investment Management,investment management,,http://www.linkedin.com/in/jaffraywoodriff,http://www.quantitative.com,,Charlottesville,Virginia
Jeremy,Hitchcock,Founder / Exec Chair,Minim,,,http://www.linkedin.com/in/jhitchco,http://www.sleepzero.com,,Manchester,New Hampshire
Steven,Alan,FOUNDER & CEO,Steven Alan,apparel & fashion,"apparel,home,accessories,children's clothing,fashion,jewelry,men's clothing,shopping,women's clothing",http://www.linkedin.com/in/steven-alan-3439798,http://www.stevenalan.com,https://twitter.com/Steven_Alan,New York,New York
Michael,Mark,Member,Walnut Venture Associates,,,http://www.linkedin.com/in/michael-mark-0437b694,,,Reading,Massachusetts
Marc,Katz,President,Custom Ink,retail,"e-commerce,fashion,printing,hardware,consumer internet,information technology,internet,ecommerce,internet retailer,mass customization,ondemand printing,tshirt printing,screen printing,digital printing,embroidery,custom apparel,customized merchandise,local services,printing services,screen printing/t-shirt printing,shopping",http://www.linkedin.com/in/marc-katz-950b302,http://www.customink.com,http://twitter.com/customink,Washington,District of Columbia
Lena,Goldberg,Senior Lecturer,Harvard Business School,higher education,,http://www.linkedin.com/in/lena-goldberg-4855a013,http://www.hbs.edu,https://twitter.com/HarvardHBS,Boston,Massachusetts
Mark,Feinstein,Associate Partner,Social Enterprise Greenhouse,,,http://www.linkedin.com/in/mrfeinstein,,,Providence,Rhode Island
Frederico,Medeiros,President,Suite CloudHash,,,http://www.linkedin.com/in/frederico-j-medeiros-46aa5530,,,Orlando,Florida
Ken,Savage,Digital Marketing Mentor,,,,http://www.linkedin.com/in/kensavage,,,Boston,Massachusetts
Ben,Reubenstein,,,,,http://www.linkedin.com/in/benreubenstein,,,Denver,Colorado
Joel,Clark,"Founder, CEO",,,,http://www.linkedin.com/in/joel-clark-221309a9,,,,
David,Cushing,,,,,http://www.linkedin.com/in/david-cushing-94489b10,,,Boston,Massachusetts
Gavon,Renfroe,Vice President,,,,http://www.linkedin.com/in/gavonrenfroe,,,Austin,Texas
Shailendra,Singh,Founder & CEO,Samya.AI,computer software,"enterprise ai,saas,artificial intelligence,technology,revenue growth ai,consumer goods,cpg,fmcg,deep learning,machine learning",http://www.linkedin.com/in/shailendra-singh-55b8034,http://www.samya.ai,,Chicago,Illinois
Scott,Nussbaum,Chief Compliance Officer,Blue Heron Research,research,"primary research,due diligence,qualitative research,database research,private equity,hedgefund,channel check,industry research,journalism,research,financial services,alternative data",http://www.linkedin.com/in/scott-nussbaum-089a92,http://www.blueheronrp.com,,New York,New York
Alex,Burkhart,Founder,Prospect Management group,information technology & services,"saas,startups,venture capital,angels,enterprise software,finance,software,information technology",http://www.linkedin.com/in/alex-burkhart-40140411,http://www.crunchbase.com,http://www.twitter.com/crunchbase,Cincinnati,Ohio
Todd,Goldstein,Partner in Charge of Finance and Operations,LaunchHouse,food & beverages,consumer packaged goods,http://www.linkedin.com/in/toddgoldstein,http://www.whoadough.com,https://twitter.com/whoadough_,,
Michael,Akkerman,Chief Product & Strategy Officer,,,,http://www.linkedin.com/in/mikeakkerman,,,New York,New York
Jessica,Millstone,Managing Director,,,,http://www.linkedin.com/in/jessicamillstone,,,New York,New York
Amadeo,Brenninkmeijer,Senior Partner,inPositiv,internet,"startups,recruiting,venture capital,enterprise software,finance,software,information technology",http://www.linkedin.com/in/amadeobr,http://www.angel.co,http://twitter.com/angellist,New York,New York
Austin,Groesser,Co-Founder,austingroesser.com,,,http://www.linkedin.com/in/austin-groesser-635008101,http://www.austingroesser.com,,Traverse City,Michigan
Jeff,Rusinow,,Etr Group,medical devices,"mobile,health care information technology,mobile health,software engineering,information technology,health care,respiratory health,disease management,asthma,copd,remote monitoring,mhealth,digital therapeutics,population health,sensors,internet of things,digital health,digitallyguided therapy,value based care",https://www.linkedin.com/pub/jeff-rusinow/4/463/8aa,http://www.propellerhealth.com,https://twitter.com/PropellerHealth,Milwaukee,Wisconsin
Graham,Weston,Advisor,Promoter.io,real estate,"commercial office space,commercial lease,office building,real estate,retail,commercial real estate,shared office spaces",http://www.linkedin.com/in/grahamweston,http://www.westoncentre.com,,San Antonio,Texas
Scot,Wingo,Executive Chairman and Co-founder,Spiffy — On-Demand Car Care,consumer services,"mobile car washing,mobile auto detailing,commercial power washing,fleet services,ondemand car wash & detailing,car wash & detailing mobile app for ios & android,mobile oil change,auto detailing,automotive,car wash",http://www.linkedin.com/in/thescotwingo,http://www.getspiffy.com,https://twitter.com/getspiffy/,Raleigh,North Carolina
Craig,Barrett,VP Marketing,REX,consumer services,"pet groomers,pet services,pet stores,pets",http://www.linkedin.com/in/craigabarrett,http://www.rexseattle.com,https://twitter.com/rex_seattle,Austin,Texas
Travis,Howle,Chief Technical Officer,Esports Mogul Asia Pacific,farming,"software engineering,agriculture,farming,forages,alfalfa,hay,technology",http://www.linkedin.com/in/thowle,http://www.elwoh.com,,,
Udi,Mokady,"Founder, President & CEO",CyberArk,computer software,"security,information security,internet,information technology,privileged account security,advanced threat protection,insider threat protection,privileged identity management,privileged session management,ssh key management,highly sensitive information management,information security software,devops security,devsecops,cloud security,identity security,privileged access management",http://www.linkedin.com/in/udimokady,http://www.cyberark.com,http://twitter.com/Cyberark,Boston,Massachusetts
Zane,Lackey,Founder & Chief Security Officer,Signal Sciences,information technology & services,"application security,appsec,web security,next generation waf,nextgen waf,ngwaf,web application security,rasp,waf,web protection platform,devops,runtime application selfprotection,cloud security,devsecops,secdevops,technology",http://www.linkedin.com/in/zane-lackey-66a3404,http://www.signalsciences.com,https://twitter.com/signalsciences,Austin,Texas
Brian,Hilgendorf,"Senior financial executive focused on the formation, development and launching",,,,http://www.linkedin.com/in/brian-hilgendorf-2517041,,,Seattle,Washington
Michael,Kempner,Founder & Chief Executive Officer,MikeWorldWide Integrated Public Relations,,,http://www.linkedin.com/in/michaelkempner,,,New York,New York
Allen,Gannett,"Author, The Creative Curve",allen.xyz,,,http://www.linkedin.com/in/allengannett,http://www.allen.xyz,,New York,New York
Erhan,Bilici,Capital Planning & Stress Testing Officer,UBS,internet,"social media,consumer internet,internet,information technology,identity,entrepreneurs,consulting,freelance",http://www.linkedin.com/in/bilici,http://www.about.me,http://twitter.com/aboutdotme,New York,New York
Ankit,Mathuria,Chief Technology Officer,Oyo,,,http://www.linkedin.com/in/ankit-mathuria-926a941,http://www.oyo.be,,Seattle,Washington
Amit,Agarwal,Chief Product Officer,Datadog,computer software,"enterprise software,cloud infrastructure,application performance monitoring,infrastructure monitoring,software,information technology,saas,apm,log management,cloud,devops,monitoring,infrastructure,distributed systems,cloud computing,opensource,golang",http://www.linkedin.com/in/amitto,http://www.datadoghq.com,http://twitter.com/datadoghq,New York,New York
Shane,Atchison,,,,,http://www.linkedin.com/pub/shane-atchison/0/a9/817,,,Seattle,Washington
Payal,Kadakia,Founder & Executive Chairman,ClassPass,,,http://www.linkedin.com/in/payalkadakia,http://www.payalkadakia.com,,New York,New York
Joseph,Delong,CTO,SushiSwap,,,http://www.linkedin.com/in/delongjoseph,,,San Antonio,Texas
Daniel,Kogan,Chief Technology Officer,,,,http://www.linkedin.com/in/dkogan,,,New York,New York
Liz,Sweney,President of Board of Directors,Children's Advocacy Center of Collin County,,,http://www.linkedin.com/in/liz-sweney,,,Dallas,Texas
Steve,Weber,"President & CEO PaperTrl, Inc",nChannel,information technology & services,"enterprise software,e-commerce,retail,data integration,software,consumer internet,information technology,internet,multichannel retail integration,order management,inventory sourcing,drop ship management,erp integration,pos integration,multichannel retail,ecommerce integration",http://www.linkedin.com/in/silverkitesteve,http://www.nchannel.com,http://twitter.com/@nChannelCloud,Columbus,Ohio
Ramesh,Haridas,Mentor,40Love.ai,sports,,http://www.linkedin.com/in/rharidas,http://www.40love.ai,https://twitter.com/40loveai,New York,New York
Andrew,Rabin,General Partner,,,,http://www.linkedin.com/in/andrew-rabin-0a340b1,,,Pittsburgh,Pennsylvania
Raphael,Danilo,CEO & Co-founder,Yobs,higher education,"medicine,business,law,dentistry,architecture,education,dance,pharmacy,engineering,occupational therapy,fine arts,social work,gerontology,arts sciences,communication journalism,public policy,letters,cinematic arts,dramatic arts,accounting",http://www.linkedin.com/in/raphael-danilo-481b41b2,http://www.usc.edu,https://twitter.com/USCedu,New York,New York
Luis,Salazar,Co-founder and CEO,GIVING TECH LABS,internet,"product strategy,execution,monetization,gtm for non profit & private sector,tech for social good,public interest technology",http://www.linkedin.com/in/luissalazar,http://www.giving.tech,https://twitter.com/SalazarLuisJ,Seattle,Washington
John,Richards,CEO / Founder,Startup Ignition,,,http://www.linkedin.com/in/johnrichards,http://www.johnrichards.me,,Provo,Utah
Chafic,Kazoun,Co-Founder & CEO,B-Line Medical,computer software,"health care,education",http://www.linkedin.com/in/chafic,http://www.blinemedical.com,https://twitter.com/blinemedical,New York,New York
Daniel,Isenberg,Professor of Entrepreneurship Practice,Babson College,,,http://www.linkedin.com/in/disenberg,http://www.isen.com,,Boston,Massachusetts
Maja,Vujinovic,CEO,OGroup,marketing & advertising,"brand development,brand identity,brand creative,advertising,marketing",http://www.linkedin.com/in/majavujinovic,http://www.ogroup.net,https://twitter.com/theogroup,New York,New York
Andy,Brown,Co-Founder and CEO,Sand Hill East,financial services,"mobile,saas,fin tech,early-stage technology,information technology,enterprise software,software,advisory,go to market,consulting,formal business plan & model creation,business acceleration,strategic introductions",http://www.linkedin.com/in/andybrown63,http://www.sandhilleast.net,http://twitter.com/@sandhilleast,New York,New York
James,Avery,Founder & CEO,Kevel,computer software,"enterprise software,advertising platforms,developer tools,developer apis,software,advertising,development platforms,consumer internet,information technology,internet,native ads,native ads api,native ad server,api cloud platform,ad platform,ad infrastructure,ad server api,api,sponsored listings",http://www.linkedin.com/in/averyj,http://www.kevel.co,http://twitter.com/adzerk,Raleigh,North Carolina
Mat,Sherman,Founder,matsherman.com,,,http://www.linkedin.com/in/matsherman,http://www.matsherman.com,,Tempe,Arizona
Mark,Kropf,"Technical Director, Office of the CTO, Google Cloud",Google,internet,"e-commerce,fashion,retail,social commerce,consumer internet,internet,information technology,search,ads,mobile,android,online video,apps,machine learning,virtual reality,cloud,hardware,artificial intelligence,youtube,software",http://www.linkedin.com/in/markkropf,http://www.google.com,http://twitter.com/Cat5BoatShoes.com,New York,New York
Seth,Weinstein,Managing Director,,,,http://www.linkedin.com/in/seth-weinstein-461940159,,,Weston,Connecticut
Russell,Farscht,,,,,http://www.linkedin.com/in/russell-farscht-703552134,,,New York,New York
Nancy,Lublin,,nancylublin.com,,,http://www.linkedin.com/in/nancylublin,http://www.nancylublin.com,,New York,New York
Patrick,Ennis,Venture Partner,,,,http://www.linkedin.com/in/patrickjennis,,,North Bend,Washington
Nasrin,Thierer,,,,,http://www.linkedin.com/pub/nasrin-thierer/0/65/186,,,Chicago,Illinois
Mark,Hochgesang,Angel Investor,,,,http://www.linkedin.com/in/markhochgesang,,,Portland,Oregon
Fedor,Saldivia,CEO & Founder,Neo Moon,computer software,"e-commerce,fashion,3d printing,jewelry,consumer internet,printing,internet,hardware,information technology",http://www.linkedin.com/in/fedorsaldivia,http://www.instagram.com,http://twitter.com/wonderluk,Miami,Florida
Chuck,Hammel,President,,,,http://www.linkedin.com/in/chuck-hammel-iv-6a836775,,,Pittsburgh,Pennsylvania
Bruce,Rauner,,,,,http://www.linkedin.com/in/brucerauner,,,Chicago,Illinois
George,Baker,"Founder, Chairman & Chief Executive Officer",ParkHub,,,http://www.linkedin.com/in/georgefbaker,,,Dallas,Texas
Dennis,Steele,Co-Founder,Podium,computer software,"small & medium businesses,local,reviews & recommendations,franchises,consumer internet,internet,information technology,online reviews,reputation management,review analytics,customer reviews,small business reviews,customer interactions,customer engagement,interaction management",http://www.linkedin.com/in/steeledennis,http://www.podium.com,https://twitter.com/PodiumHQ,Provo,Utah
Chris,Camillo,Investor/YouTuber (dumbmoney.tv),,,,http://www.linkedin.com/in/chris-camillo-08381,,,Dallas,Texas
Joel,Spolsky,Co-Founder & Chairman of the Board,Stack Overflow,,,http://www.linkedin.com/in/joelspolsky,http://www.joelonsoftware.com,,New York,New York
Christopher,Isaacs,Owner & CEO,Total Healthcare Solutions,,,http://www.linkedin.com/in/christopher-isaacs-33171111,,,Washington,District of Columbia
Joseph,Marchione,Co-Founder and Chief Marketing Officer,GigKloud,internet,"education,technology,financial services,finance,online professional network,jobs,people search,company search,address book,advertising,professional identity,group collaboration",http://www.linkedin.com/in/joseph-marchione,http://www.linkedin.com,https://twitter.com/LinkedIn,New York,New York
Francois,Nader,Member of the Board of Directors,New Jersey Chamber of Commerce,,,http://www.linkedin.com/in/francois-nader-md-mba-54ab951,,,New York,New York
Robert,Gaydos,Founder and CEO,Pendella,insurance,"instant issue underwriting,endtoend consumer purchasing technology for life insurance,disability insurance,critical illness insurance",http://www.linkedin.com/in/robertgaydos,http://www.pendella.com,,Fort Myers,Florida
Pau,Sabria,Co-Founder,Olapic by Social Native,internet,"e-commerce,saas,b2b,photo sharing,enterprise software,consumer internet,social media,software,internet,information technology,visual marketing,photo crowdsourcing,ecommerce,instagram,user generated content,conversions,email,earned content,martech,facebook advertising,visual commerce,facebook,social media advertising,advertising",http://www.linkedin.com/in/pausabria,http://www.olapic.com,http://twitter.com/olapic,New York,New York
Pedram,Amini,CTO,InQuest,information technology & services,"deep file inspection,threat intelligence,threat detection,malware analysis,ip reputation,dns reputation,yara compatible,multiav integrations,sandbox integrations,threat hunting,breach detection,data leakage detection,email security,phishing,ransomware,vip impersonation,file analysis",http://www.linkedin.com/in/pedramamini,http://www.inquest.net,https://twitter.com/inquest,Austin,Texas
Joe,Pezzillo,Volunteer,KGNU Radio,,,http://www.linkedin.com/in/ejoep,,,Boulder,Colorado
Scott,Petersen,Chief Academic Officer,,,,http://www.linkedin.com/in/scottpetersen59,,,Provo,Utah
Sean,Hampsey,Managing Partner,,,,http://www.linkedin.com/in/sean-hampsey-93466062,,,Saint Petersburg,Florida
Rada,Sumareva,Chief Executive Officer,Ziphycare,,,http://www.linkedin.com/in/rada-sumareva-dds-2860aa9,http://www.zipnostic.com,,New York,New York
Dave,Girgenti,Chief Executive Officer (CEO) & Founder,Lifeblink,information technology & services,"mobile,social media,photo sharing,information technology,consumer internet,internet,photo storage,social networking,entertainment,content management,history preservation",http://www.linkedin.com/in/girgenti,http://www.lifeblink.com,http://twitter.com/lifeblinkinc,Philadelphia,Pennsylvania
Michael,Pytel,CTO,Fulfilld.io,information technology & services,"warehouse management software,software as a service,simpleeasy implementation,systemdriven proactive recommendations",http://www.linkedin.com/in/michaelpytel,http://www.fulfilld.io,,Denver,Colorado
Roslyn,Brandon,Chair and Founding CEO,MicrobiomX,biotechnology,"medical devices,molecular diagnostics,sepsis",http://www.linkedin.com/in/roz-brandon,http://www.immunexpress.com,https://twitter.com/Immunexpress,Seattle,Washington
Jim,O'Neill,Co-Founder & CTO,Convene,management consulting,"christian ceos,leadership development,business development,peertopeer advisory boards,onetoone coaching,onetoone counseling,business consultation",http://www.linkedin.com/in/jajoneill,http://www.convenenow.com,https://twitter.com/ConveneNOW,Boston,Massachusetts
Jackson,Jhin,,,,,http://www.linkedin.com/in/jackson-jhin-b05b4999,,,Chicago,Illinois
Kwabena,Okrah,Founder / CEO / CTO,Alirtify,,,http://www.linkedin.com/in/kwabenaokrah,,,Frederick,Maryland
Vinay,Dasa,Founder,,,,http://www.linkedin.com/in/vinay-dasa-50b5a42,,,Holland,Missouri
David,Stern,Advisor / Investor,SportsCastr,,,http://www.linkedin.com/in/david-stern-5799bb17,,,New York,New York
Joe,Caruso,Owner,Bantam Group,higher education,,http://www.linkedin.com/in/joecaruso2020,http://www.hbs.edu,https://twitter.com/HarvardHBS,Boston,Massachusetts
Scott,Kurnit,Founder & CEO,Keep Holdings,,,http://www.linkedin.com/in/kurnit,,,New York,New York
David,Chang,"Director, Summer Catalyst",davidchang.me,,,http://www.linkedin.com/in/davidschang,http://www.davidchang.me,,Boston,Massachusetts
Patrick,Nagle,Founder and CEO,Rehab.com,internet,"mental health,physical therapy,addiction treatment",http://www.linkedin.com/in/patricknagle,http://www.rehab.com,https://twitter.com/rehabguide,Baltimore,Maryland
Giuseppe,Stuto,CEO & Co-founder,Fam,computer software,"ambassadors,twitter,social media,sports,content,news,high school,opinions",http://www.linkedin.com/in/giuseppestuto,http://www.smackhigh.com,https://twitter.com/smackhigh,Boston,Massachusetts
Veresh,Sita,"EVP, Chief Digital and Innovation Officer",Avis Budget Group,"leisure, travel & tourism","corporate car rental,leisure car rental,commercial truck rental,consumer truck rental,car sales,car rental,hotels & travel",http://www.linkedin.com/in/vereshsita,http://www.avisbudgetgroup.com,https://twitter.com/avisinnovation,New York,New York
Patrick,Cadariu,"Director, Head of Fleet Operations",University of Chicago Booth School of Business,higher education,"clean technology,healthcare,mobile,higher education,information technology",http://www.linkedin.com/in/patrickcadariu,http://www.chicagobooth.edu,http://www.twitter.com/polskycenter,Detroit,Michigan
Jock,Percy,General Partner,Lightning Capital,financial services,"cryptoassets,bitcoin,blockchain,cryptocurrency,altcoins,decentralized finance,defi,ethereum,mining,distributed ledger,smart contracts,decentralized autonomous organization",http://www.linkedin.com/in/jockpercy,http://www.lightning.capital,,New York,New York
Robbie,Allen,"Co-Founder, CEO & CTO",robbieallen.com,,,http://www.linkedin.com/in/robbieallen,http://www.robbieallen.com,,Durham,North Carolina
Lorien,Gabel,Co-Owner,Headwall Sports,,,http://www.linkedin.com/in/loriengabel,http://www.figment.network,,Wilson,Wyoming
Rebeca,Minguela,Founder & CEO,Clarity AI,information technology & services,"tech,social impact,product,financial performance,environmental impact,saas tool,sustainable investments,data science,business analytics,ratings",http://www.linkedin.com/in/rebecaminguela,http://www.clarity.ai,https://twitter.com/ClarityAIEng,New York,New York
Mark,Rosenberg,Founder & CEO,,,,http://www.linkedin.com/in/markcrosenberg,,,Raleigh,North Carolina
Lisa,Favaro,Managing Director,Golden Seeds,,,http://www.linkedin.com/in/lisairbyfavaro,,,New York,New York
Ricky,Patel,Senior partner,Farrell Patel Jomarron & Lopez Attorneys at Law,legal services,,http://www.linkedin.com/in/ricky-patel-11450835,http://www.justice360.com,https://twitter.com/Farrell_Patel,Miami,Florida
Ian,Borthwick,"Senior Director, Influencer Channels (Social Media/Audio)",SeatGeek,internet,"events,search,ticketing,maps,e-commerce,information technology,consumer internet,internet,tickets,internet & technology,data analysis,sports,entertainment,media",http://www.linkedin.com/in/ian-borthwick,http://www.seatgeek.com,http://twitter.com/seatgeek,New York,New York
Slava,Agafonov,Founder & CEO,Energsoft,computer software,"machine learning,battery management system,internet of things,deep learning,battery,energy storage,intelligence,visualization",http://www.linkedin.com/in/agafonovslava,http://www.energsoft.com,https://www.twitter.com/energsoft,Seattle,Washington
Alexis,Le-Quoc,Co-Founder & CTO,Datadog,computer software,"enterprise software,cloud infrastructure,application performance monitoring,infrastructure monitoring,software,information technology,saas,apm,log management,cloud,devops,monitoring,infrastructure,distributed systems,cloud computing,opensource,golang",http://www.linkedin.com/in/alexislequoc,http://www.datadoghq.com,http://twitter.com/datadoghq,New York,New York
Spencer,Slaine,Director,Clarivate Analytics,information technology & services,"scientific & academic research,patent analytics & regulatory standards,pharmaceutical & biotech intelligence,trademark protection,domain brand protection,intellectual property management,life science research,patent analytics,regulatory standards,technology,trademark research,ip & standards,antifraud,brand protection,antipiracy,proprietary software,data analytics,predictive data,clinical trial research,competitive intelligence",http://www.linkedin.com/in/spencer-slaine-34013214,http://www.clarivate.com,https://twitter.com/clarivate?_ga=1.200028910.1115848109.1486741410,Miami,Florida
Nathan,Bashaw,Co-Founder & President,Every,online media,"publishing,journalism,writing,newsletters,media",http://www.linkedin.com/in/nbashaw,http://www.substack.com,,New York,New York
Chris,Becker,Founder / CEO,NetEffect,computer networking,"enterprise social media,technology consulting,large scale change management,strategy articulation,digital transformation,social business,business analysis,technology services",http://www.linkedin.com/in/becker,http://www.net-effect.com,,New York,New York
Sergei,Kovalenko,Co-founder,Braavo Capital,information technology & services,"mobile,enterprise software,ecommerce,fin tech,information technology,software,custom software development,dedicated teams,web development,mobile development,enterprise solutions,qa & testing",http://www.linkedin.com/in/sergeikovalenko,http://www.itechart.com,https://twitter.com/itechart,New York,New York
Steven,Kamali,Chief Executive Officer,,,,http://www.linkedin.com/in/stevenkamali,,,New York,New York
Peter,Jennings,Chief Executive Officer,,,,http://www.linkedin.com/in/peter-jennings-21903368,,,Denver,Colorado
Nancy-Ann,Deparle,Partner,Consonance Capital,,,http://www.linkedin.com/in/nancy-ann-deparle-84701475,,,Washington,District of Columbia
Corey,Thomas,Chairman and CEO,,,,http://www.linkedin.com/in/coreythomas,,,Boston,Massachusetts
Andre,Lorenceau,CEO & Founder,,,,http://www.linkedin.com/in/andrelorenceau,,,New York,New York
Jason,Bates,Advisor,,,,http://www.linkedin.com/in/jason-bates-b5553722,,,Winter Park,Florida
Craig,Wahlberg,"Director, Automation & Facilities",,,,http://www.linkedin.com/in/craigwahlberg,,,,
Kevin,Moore,President,KRM Interests,education management,,http://www.linkedin.com/in/kevin-moore-a122575,http://www.appliedpractice.com,,Dallas,Texas
Wayne,Chang,Co-Founder,Digits,internet,,http://www.linkedin.com/in/waynechang,http://www.chang.com,,Boston,Massachusetts
Giordano,Contestabile,General Manager,BLOGLOVIN,,,http://www.linkedin.com/in/gcontestabile,http://www.bloglovin.com,https://twitter.com/bloglovin,New York,New York
Kimbal,Musk,Co-Founder & Executive Chairman,Big Green,restaurants,"community,ranchers,sustainable,organic,real food,farmers,american (new),american (traditional),bars,burgers,nightlife,restaurants",http://www.linkedin.com/in/kimbalmusk,http://www.thekitchen.com,,Denver,Colorado
Daymond,John,"Founder ,CEO & President",Shark Branding,construction,,http://www.linkedin.com/in/daymondjohn,http://www.daymondjohn.com,,New York,New York
Tobias,Peggs,CEO,Square Roots Urban Growers,,,http://www.linkedin.com/in/tobiaspeggs,,,New York,New York
Luis,Ahn,CEO & Co-Founder,Duolingo,internet,"mobile application,language learning,certification test,education,language education,language certification,mobile app development,language proficiency assessment,machine learning,product design,product management,software engineering,data science",http://www.linkedin.com/in/luis-von-ahn-4567065,http://www.duolingo.com,https://twitter.com/duolingo,Pittsburgh,Pennsylvania
Umang,Dua,Co-Founder & COO,Handy,internet,"education,technology,financial services,finance,online professional network,jobs,people search,company search,address book,advertising,professional identity,group collaboration",http://www.linkedin.com/in/umangdua,http://www.linkedin.com,https://twitter.com/LinkedIn,New York,New York
Julia,Cheek,CEO and Founder,EverlyWell,,,http://www.linkedin.com/in/juliataylorcheek,http://www.everlywellness.com,https://twitter.com/everly_well,Austin,Texas
Craig,Wortmann,Operating Partner,,,,http://www.linkedin.com/in/craigwortmann,,,Chicago,Illinois
David,Nelsen,CEO & Founder,Giftango,information technology & services,"mobile,information technology,gift cards,egift cards,virtual gift cards,digital gift cards,ecommerce,instant gift cards",http://www.linkedin.com/in/davidnelsen,http://www.giftango.com,https://twitter.com/Giftango,Portland,Oregon
Lawrence,Fish,Interim CFO,Evol8tion,,,http://www.linkedin.com/in/lawrence-fish-5478b82,,,New York,New York
Todd,Davis,Vice Chairman of the Board Directors,LifeLock,computer software,"event planning & services,professional services,wedding planning",http://www.linkedin.com/in/todd-davis-183380,http://www.lifelock.com,,Phoenix,Arizona
Michael,Yoon,President & CEO,,,,http://www.linkedin.com/in/yoonmichael,,,New York,New York
Raj,Gupta,Executive Chairman,Esd,mechanical or industrial engineering,"mechanical engineering,electrical engineering,plumbing engineering,life safety,fire protection engineering,technology consulting,mission critical facilities engineering,sustainability consulting,intelligent building consulting",http://www.linkedin.com/in/rajpgupta,http://www.esdglobal.com,https://twitter.com/ESDGlobal,Chicago,Illinois
Shawn,Nelson,CEO and Founder,Lovesac,retail,"furniture,sactionals,sacs,sectional sofas,modular furniture,design consultations,custom fabrics,furniture stores,home & garden,shopping",http://www.linkedin.com/in/shawnynelson,http://www.lovesac.com,https://twitter.com/lovesac,Stamford,Connecticut
Chuck,Gordon,Co-Founder & Chief Executive Officer,Storable,internet,"startups,software,sales & marketing,b2b,enterprise software,information technology,self storage,moving,storage,local services",http://www.linkedin.com/in/chuck4410,http://www.sparefoot.com,http://twitter.com/@sparefoot,Austin,Texas
Aaron,Wolko,Chief Investment Officer,Terraform Capital,financial services,,http://www.linkedin.com/in/aaronwolko,http://www.terraform.capital,https://twitter.com/terraformcap,New York,New York
Nikhil,Krishnan,,,,,http://www.linkedin.com/in/nikhil-krishnan-60400947,,,New York,New York
Elliot,Tebele,Co-Founder,JAJA,,,http://www.linkedin.com/in/elliot-tebele-22118b61,,,New York,New York
Arpit,Sharma,Digital Marketing Specialist,arpit-sharma.com,,,http://www.linkedin.com/in/arpit-sharma-com,http://www.arpit-sharma.com,,New York,New York
Mark,Russinovich,"CTO, Microsoft Azure",Microsoft,,,http://www.linkedin.com/in/markrussinovich,,,Seattle,Washington
Jonah,Goodhart,Co-Founder,Montauk Labs,internet,,http://www.linkedin.com/in/jonahgoodhart,http://www.wgifund.com,,New York,New York
Jesse,Stein,Founder & CEO,Audience.co,computer software,"internet marketing service,handwritten mail,direct mail automation,corporate gifting",http://www.linkedin.com/in/jesse-stein-3b636a107,http://www.audience.co,https://twitter.com/AudienceCo,Miami,Florida
Pete,Cashmore,Founder & CEO,Mashable,online media,"digital media,technology,news,media,consumer internet,internet,information technology,blogs,tech,social media,social networks,mobile,journalism,culture,entertainment,marketing,gadgets",http://www.linkedin.com/in/mashable,http://www.mashable.com,http://twitter.com/mashable,New York,New York
Diane,Hessan,Co-Founder & Chairman,Communispace,market research,"consumer collaboration,brand innovation,consumer insights,cocreation workshops,private online communities,customer products,customer strategy,customer experience,customer communications,open innovation,data,analytics,ux design & testing,activation workshops",http://www.linkedin.com/in/diane-hessan-2118457,http://www.cspace.com,https://twitter.com/Communispace,Boston,Massachusetts
Scott,Moore,Founder & Director,Ad Lightning,marketing & advertising,,http://www.linkedin.com/in/scottmo,http://www.adlightning.com,https://twitter.com/adlightningtech,Seattle,Washington
JC,Adams,Founder and CEO,Cloud 9,information technology & services,"health care information technology,mobile health,mental health,psychology,health care,digital health,telepsychiatry,telemedicine,quantified self,social work,counseling,therapy,telehealth,patient engagement,psychiatry,behavioral health,crisis intervention,public safety,jail diversion,emergency room diversion,first responders,community health,population health",http://www.linkedin.com/in/jcadamsiii,http://www.cloud9telehealth.com,https://twitter.com/cloud9psych,Austin,Texas
Paul,Fennelly,Strategic Advisor,,,,http://www.linkedin.com/in/paul-fennelly-823b3211,,,Boston,Massachusetts
Oleg,Teterin,Independent Owner,Longevity InTime BioTech,biotechnology,"ai,ml,investor,biotechnology,longevity,wearables,rapid diagnosis tests,portable containers,mobile application,algorithms,big data,neural networks,data science,data mining,healthtech,medtech,startup,vc,biology,science",http://www.linkedin.com/in/olegteterin,http://www.intime.digital,,New York,New York
Thane,Kerner,CEO,Silverchair Holdings,publishing,"online product development,healthcare information management,semantic publishing,semantic tagging,semantic metadata,semantic search,semantic xml,executive product strategy,taxonomy,ontology devolopment,responsive website design & branding",http://www.linkedin.com/in/thane-kerner-64654,http://www.silverchair.com,http://www.twitter.com/silverchairnews,Charlottesville,Virginia
Michael,Ruskin,COO,Jetson,internet,voice commerce & ai,http://www.linkedin.com/in/michaelruskin,http://www.jetson.ai,https://twitter.com/jetsonai,New York,New York
Dan,Jackson,CEO,Driverbase,automotive,"automotive,internet,user experience,car search,machine learning,artificial intelligence,mobile,data,advertising,marketing,analytics",http://www.linkedin.com/in/danjackson,http://www.driverbase.com,https://twitter.com/driverbaseinc,Burlington,Vermont
Dan,Teran,Co-Founder & Managing Partner,,,,http://www.linkedin.com/in/danteran,,,New York,New York
Rob,Seaver,Board Member,,,,http://www.linkedin.com/in/rseaver,,,Boston,Massachusetts
Steve,Klein,,stevekle.in,,,http://www.linkedin.com/in/steve-klein-3517a245,http://www.stevekle.in,,Raleigh,North Carolina
Dylan,Taylor,Chairman & CEO,Voyager Space Holdings,aviation & aerospace,,http://www.linkedin.com/in/taylordylan,http://www.voyagerspace.com,https://twitter.com/voyagersh,Denver,Colorado
Daniel,Saul,,,,,http://www.linkedin.com/in/daniel-saul-3a020,,,Boston,Massachusetts
Amber,Atherton,CEO & Founder,Zyper,,,http://www.linkedin.com/in/amber-atherton,,,New York,New York
Alexander,Kemper,Founder and CEO,,,,http://www.linkedin.com/in/alexander-sandy-kemper-b2366812,,,,
Mark,Britton,Member of the Board of Director,Orbitz Worldwide,,,http://www.linkedin.com/in/markbritton,,,Seattle,Washington
Mark,Agnew,Co-Founder,University of Chicago Booth School of Business,higher education,"clean technology,healthcare,mobile,higher education,information technology",http://www.linkedin.com/in/mark-agnew-6b8b3b,http://www.chicagobooth.edu,http://www.twitter.com/polskycenter,Chicago,Illinois
John,Owen,Angel Investor,,,,http://www.linkedin.com/in/john-owen-a22a43ab,,,New Canaan,Connecticut
Matthew,Hassett,Founder and CEO,,,,http://www.linkedin.com/in/matthew-hassett-78590a13,,,New York,New York
Danny,Gutknecht,CEO,Pathways,,,http://www.linkedin.com/in/dannygutknecht,,,Peoria,Arizona
Art,Shaikh,Founder & CEO,CircleIt,computer software,,http://www.linkedin.com/in/artshaikh,http://www.circleit.com,,Chicago,Illinois
David,Nage,Principal,Arca,financial services,"asset management,blockchain,cryptocurrencies,investment management",http://www.linkedin.com/in/davidnage,http://www.ar.ca,https://twitter.com/arca,New York,New York
Andrew,Unger,Managing Partner,High Slope,management consulting,executive search,http://www.linkedin.com/in/andrewunger,http://www.highslope.com,,New York,New York
Andrei,Oprisan,CTO,OneScreen.AI,information technology & services,"artificial intelligence,dooh,ooh,internet of things,digital out of home,out of home,adtech",http://www.linkedin.com/in/andreioprisan,http://www.onescreen.ai,https://twitter.com/onescreenai,Boston,Massachusetts
Rusty,Szurek,Founder,InsiderScore,financial services,"insider trading,stock buybacks,institutional ownership",http://www.linkedin.com/in/rustyszurek,http://www.insiderscore.com,https://twitter.com/insiderscore,New York,New York
Alex,Laskey,Founder & Executive Chair,,,,http://www.linkedin.com/in/alexlaskey,,,Washington,District of Columbia
Peter,Bayne,Co-Owner,,,,http://www.linkedin.com/in/peter-bayne-tinshop,,,Washington,District of Columbia
Sung,Choi,Managing Director,fuboTV,entertainment,,http://www.linkedin.com/in/choisungh,http://www.fubo.tv,https://twitter.com/fubotv,New York,New York
Stephen,Day,Principal,,,,http://www.linkedin.com/in/stday13,,,Salt Lake City,Utah
Jordan,Naylor,Director of Enterprise Sales,,,,http://www.linkedin.com/in/jordan-naylor-atx,,,Austin,Texas
James,West,,Jim West Commercial Real Estate,,,http://www.linkedin.com/in/jimwestcre,http://www.jimwestcommercialre.com,,Camas,Washington
Charlie,Songhurst,Advisor,Bear Robotics,,,http://www.linkedin.com/in/charlessonghurst,http://www.katanacap.com,,Washington,District of Columbia
Ryan,Allis,Managing Partner,Hive Global,civic & social organization,"education,real estate,ventures for good,communities,social media,consumer internet,internet,information technology,leadership,entrepreneurship,community building,purpose",http://www.linkedin.com/in/ryanallis,http://www.hive.org,http://twitter.com/@hive_sf,Boulder,Colorado
John,Fontein,Co-Founder,Sesame,consumer services,,http://www.linkedin.com/in/johnfontein,http://www.sesamecare.com,https://twitter.com/Sesamecare,New York,New York
John,Pestana,CEO,ObservePoint,internet,"advertising,sales & marketing,big data,information technology,enterprise software,consumer internet,software,internet,digital marketing technology testing,tag audit,data governance,tag debugging,metrics protection,automated testing,journeys,campaign performance,comparison reports,reports,tag auditing,analytics testing,analytics qa,tag qa,privacy testing,technology governance,privacy compliance,analytics data testing",http://www.linkedin.com/in/johnpestana,http://www.observepoint.com,http://www.twitter.com/ObservePoint,Provo,Utah
Justin,Siegel,Co-Founder & CEO,MocoSpace,internet,"games,consumer internet,internet,information technology,mobile applications,mobile games,social networking,advertising,html5,mobile web",http://www.linkedin.com/in/justinsiegel,http://www.mocospace.com,http://twitter.com/mocospace,Boston,Massachusetts
Michael,Coors,Co-CEO,CoorsTek Sensors,"glass, ceramics & concrete","technical ceramics,custom components,advanced ceramics,manufacturing,ceramic manufacturing,material science,automotive components,aerospace components,medical device components,oil & gas components,custom manufacturing,semiconductor components,engineered ceramics,alumina components,silicon nitride,aluminum nitride,ceramic substrates,silicon carbide,ceramic injection molding,prototyping,ceramic finishing,material design,hot isostatic pressing,medical ceramics,bioceramics,medical components,medical equipment components",http://www.linkedin.com/in/michael-coors-5b658855,http://www.coorstek.com,https://twitter.com/CoorsTekInc,Golden,Colorado
Thomas,Eisenmann,Howard H. Stevenson Professor of Business Administration,Agile,higher education,,http://www.linkedin.com/in/teisenmann,http://www.hbs.edu,https://twitter.com/HarvardHBS,Boston,Massachusetts
Shelly,Kurtz,Co-founder and CMO,GIVING TECH LABS,internet,"product strategy,execution,monetization,gtm for non profit & private sector,tech for social good,public interest technology",http://www.linkedin.com/in/shelly-kurtz-219648,http://www.giving.tech,https://twitter.com/SalazarLuisJ,Seattle,Washington
Kiran,Bhatraju,Founder & CEO,Arcadia,internet,"clean technology,big data,clean energy,smart home,enterprise software,software,information technology,sustainability,wind energy,solar energy,energy savings,home efficiency",http://www.linkedin.com/in/kiran-bhatraju-834a7118,http://www.arcadia.com,https://twitter.com/arcadiapower,Washington,District of Columbia
Rich,Paret,Founder,Tenarch,human resources,,http://www.linkedin.com/in/richparet,http://www.tenarch.com,,Seattle,Washington
Adam,Eskin,Founder & CEO,Dig Inn,restaurants,"healthful food,farmtocounter,partnerships with local farmers,transparency,accountability,food startup,mindful sourcing,entreprenuership,culinary,vegetable forward,kitchens,restaurant group,food innovation,food system,chef training,highgrowth,food business,american (new),restaurants",http://www.linkedin.com/in/adam-eskin-0157404,http://www.diginn.com,https://twitter.com/diginn,New York,New York
David,Payne,VP Market Development,Pathways,,,http://www.linkedin.com/in/davidapayne1,,,Phoenix,Arizona
Raghav,Gupta,President,Butlr,,,http://www.linkedin.com/in/ragsgupta,http://www.videoplaza.com,https://twitter.com/videoplaza,Boston,Massachusetts
Jonathan,Cornelissen,Co-founder,DataCamp,e-learning,"education,analytics,data,information technology,sql,git,data science courses,python programming,tableau,scala,data manipulation,deep learning,data science for everyone,data analysis courses,bigdata,digital education,python,data science tutorial,r training,shell,data leadership,data theory,oracle,data visualization,data analytics,r,data engineering,digital learning,conceptual learning,data science tutorials,handson coding,r courses,spark,power bi,r programming,machine learning,r tutorial,spreadsheets,excel",http://www.linkedin.com/in/jonathan-cornelissen,http://www.datacamp.com,https://twitter.com/DataCamp,New York,New York
Kathleen,Lendvay,Co-founder and President,Microbiomx,medical devices,,http://www.linkedin.com/in/klendvay,http://www.microbiomx.com,,Seattle,Washington
Marla,Blow,President and Chief Operating Officer,,,,http://www.linkedin.com/in/marlablow,,,Washington,District of Columbia
Joyce,Yang,Founder & CEO,Global Coin Research,,,http://www.linkedin.com/in/yonghuanyang,,,New York,New York
John,Ason,Angel Investor,Kewpie Associates,,,http://www.linkedin.com/pub/john-ason/0/6b4/a25,http://www.johnason.com,,New York,New York
Dhungjoo,Kim,Co-Founder,,,,http://www.linkedin.com/in/dhungjookim,,,Boston,Massachusetts
Brian,Belley,Vice President of Product,Crowdwise,financial services,"issuer campaign feedback,investor tools,consulting,webinars & interviews,podcasting,investor education",http://www.linkedin.com/in/brianbelley,http://www.crowdwise.org,,Manchester,New Hampshire
Adam,Najberg,"Head of Communications, IEG Global at Tencent",Tencent,,,http://www.linkedin.com/in/adam-najberg-37a121,,,New York,New York
Michael,Dornbrook,,,,,http://www.linkedin.com/in/michaeldornbrook,,,Boston,Massachusetts
Nataraj,Sindam,Software Engineer,Microsoft,computer software,"healthcare,emr,ehr,phr,software",http://www.linkedin.com/in/natarajsindam,http://www.epic.com,,Seattle,Washington
Joe,Speiser,,,,,http://www.linkedin.com/in/joespeiser,,,New York,New York
Kevin,O'Leary,Founder & Chief Sommelier,O'Leary Fine Wines,,,http://www.linkedin.com/in/kevin-o-leary-54a8713,,,Boston,Massachusetts
Bryson,Bort,CEO and Founder,SCYTHE,computer & network security,"attack simulation,attack emulation,red team,offensive security,breach automated simulation,continuous validation,security validation,security assessment,controls effectiveness",http://www.linkedin.com/in/brysonbort,http://www.scythe.io,https://twitter.com/scythe_io,Washington,District of Columbia
Alex,Dovzhikov,Founder,Varwin,computer software,"vr,ar,technology,unity,education",http://www.linkedin.com/in/dovzhikov,http://www.varwin.com,,New York,New York
Adriana,Cisneros,CEO,Cisneros Group,,,http://www.linkedin.com/in/adrianacisneros,,,Miami,Florida
Alexander,Goldstein,Executive Chairman,Eligo Energy,utilities,"electricity,natural gas,solar energy",http://www.linkedin.com/in/alexg0,http://www.eligoenergy.com,https://twitter.com/eligoenergy,Chicago,Illinois
Nick,Picone,Co-Founder & Head of Service,CareShield Health,computer software,"healthcare,health outcome management software,cloud computing,remote patient monitoring,ehr,electronic patient reported outcomes,valuebased care,cloudbased outcome management",http://www.linkedin.com/in/nickpicone,http://www.joincareshield.com,https://twitter.com/joincareshield,Cleveland,Ohio
David,Gitman,General Partner,davidgitman.com,,,http://www.linkedin.com/in/dgitman,http://www.davidgitman.com,,Durham,North Carolina
Jens,Molbak,CEO/Founder,,,,http://www.linkedin.com/in/jens-molbak-0340351,,,Seattle,Washington
Dan,Kryzanowski,,Rocket Dollar,financial services,,http://www.linkedin.com/in/danielkryzanowski,http://www.rocketdollar.com,https://twitter.com/rocketdollar,Austin,Texas
Trevor,Fetter,Lead Independent Director,The Hartford,financial services,"enterprise software,insurance,software,information technology,property & casualty insurance,mutual funds,group benefits",http://www.linkedin.com/in/trevor-fetter,http://www.thehartford.com,https://twitter.com/TheHartford,Dallas,Texas
Rob,Biederman,Co-Founder & Co-CEO,Catalant,computer software,"enterprise software,marketplaces,business services,freelancers,information technology,software",http://www.linkedin.com/in/robbiederman,http://www.gocatalant.com,http://twitter.com/GoCatalant,Boston,Massachusetts
Katie,Couric,Co-Founder,Katie Couric Media,broadcast media,,http://www.linkedin.com/in/katiecouric,http://www.katiecouric.com,https://twitter.com/katiecouric,New York,New York
Michal,Borkowski,Co-founder & CEO,Brainly,internet,"education,social media platforms,k-12 education,tutoring,social media,consumer internet,internet,information technology,social learning,elearning",http://www.linkedin.com/in/borkowskimichal,http://www.brainly.com,http://twitter.com/#!/openstudy,New York,New York
Peter,Fader,Professor of Marketing,,,,http://www.linkedin.com/in/peterfader,,,Philadelphia,Pennsylvania
Tyler,Ward,Co-Founder and CEO,BarnBridge,marketing & advertising,,http://www.linkedin.com/in/tyler-scott-ward-42638627,http://www.proofsystems.com,,Chapel Hill,North Carolina
Brian,Arnone,,Audience Republic,computer software,"sales & marketing,events,event management,ticketing,e-commerce,consumer internet,internet,information technology,wordofmouth marketing,p2p marketing,music,data,marketing automation,live events,sales growth,online marketing,social media",http://www.linkedin.com/in/barnone,http://www.audiencerepublic.com,https://twitter.com/AudienceRep,Pittsburgh,Pennsylvania
Yuriy,Boykiv,Founder and Investor,Gravity,marketing & advertising,"multicultural strategies,media planning,buying,creative development,production,consumer insights,brand planning,advertising,tv video production,marketing,digital,social,mobile,publicity,pr,culture,multicultural,hispanic",http://www.linkedin.com/in/boykiv,http://www.mediagravity.com,https://twitter.com/@gravitymediallc,New York,New York
Toyin,Ajayi,Chief Health Officer & Co-founder,Cityblock Health,hospital & health care,,http://www.linkedin.com/in/toyin-ajayi-ba57b078,http://www.cityblock.com,https://twitter.com/cityblockhealth,New York,New York
Akin,Sawyerr,Managing Director,Feleman Limited,,,http://www.linkedin.com/in/akinsawyerr,,,Washington,District of Columbia
Lee,Jones,"Managing Director, Global App Ads Product Strategy & Commercialization at Google",Google,internet,"e-commerce,fashion,retail,social commerce,consumer internet,internet,information technology,search,ads,mobile,android,online video,apps,machine learning,virtual reality,cloud,hardware,artificial intelligence,youtube,software",http://www.linkedin.com/in/ljones,http://www.google.com,http://twitter.com/Cat5BoatShoes.com,New York,New York
David,Bohan,,,,,http://nl.linkedin.com/pub/david-bohan/0/1a4/606/en,,,Seattle,Washington
Mary,Bernitt,Founder/CEO,Bernitt Enterprises,marketing & advertising,,http://www.linkedin.com/in/marybernitt,http://www.bernitt.com,,,Maryland
Ryan,Morrissey,Founder and CEO,Elevated Insights,information technology & services,"voip business phone service,hosted voip,small business phone systems,web conferencing,hosted pbx,virtual contact center,virtual call center,hosted call center,enterprise global communications,business phone systems,unified communications,team collaboration,enterprise engagement management,customer experience,employee experience,video conferencing,contact center,voip",http://www.linkedin.com/in/rmorriss,http://www.8x8.com,https://twitter.com/8x8,White Salmon,Washington
Daniel,Scrivner,Founder & CEO,Blackletter,computer software,"product design,creative direction,design advising,branding,naming,design consulting,rebranding",http://www.linkedin.com/in/danielscrivner,http://www.danielscrivner.com,,Boulder,Colorado
Jarl,Mohn,President Emeritus,NPR,broadcast media,"media,radio,broadcast,news,digital,digital media",http://www.linkedin.com/in/jarlmohn,http://www.npr.org,https://twitter.com/NPR,Washington,District of Columbia
Michael,Katz,Co-Founder and CEO,mParticle,internet,"mobile,big data analytics,cloud data services,information technology,enterprise software,software,customer data management,mobile data management,customer segmentation,multiscreen identity resolution,thirdparty data enrichment,developer apis,realtime data streaming",http://www.linkedin.com/in/michaelskatz,http://www.mparticle.com,http://twitter.com/@mparticles,New York,New York
Steve,Martocci,Chief Executive Officer,Splice,music,"music,collaboration,music technology,consumer internet,internet,information technology",http://www.linkedin.com/in/stevemartocci,http://www.splice.com,http://twitter.com/splice,New York,New York
Sapna,Shah,"Member, Expert Network",Red Giraffe Advisors,retail,,http://www.linkedin.com/in/sapnaashah,http://www.retailxseries.com,http://www.twitter.com/retailxseries,New York,New York
Michael,Penna,Chief Strategy Officer,InMarket,marketing & advertising,"mobile advertising,advertising,consumer internet,internet,information technology,mobile marketing,advertising optimization,online marketing,customer acquisition & retention,mobile application development,social media,email marketing",http://www.linkedin.com/in/michaeldellapenna,http://www.inmarket.com,https://twitter.com/inMarket_Media,New York,New York
Jon,Stevenson,Investor and advisor,,,,http://www.linkedin.com/in/jonstevenson,,,Boston,Massachusetts
Ankur,Nagpal,Founder & CEO,Teachable,internet,"saas,education,software,e-commerce platforms,information technology,enterprise software,online education,online course creation,elearning",http://www.linkedin.com/in/ankurnagpal,http://www.teachable.com,http://twitter.com/teachable,New York,New York
Evan,Brown,"Managing Director, Deputy COO",BMO Capital Markets,investment banking,"capital raising,m,a,research,risk management,institutional investing",http://www.linkedin.com/in/evan-brown-a690ab13,http://www.bmocm.com,https://twitter.com/bmo,New York,New York
Mike,Phillips,Chief Executive Officer,Sense,consumer electronics,"hardware,energy efficiency,home automation,energy management,information technology,clean energy,energy,clean technology",http://www.linkedin.com/in/michaelphillips4,http://www.sense.com,https://twitter.com/Sense,Boston,Massachusetts
Kathryn,Minshew,Founder & Chief Executive Officer,The Muse,internet,"digital media,recruiting,reviews & recommendations,career management,enterprise software,consumer internet,software,internet,information technology,career advice,job opportunities,women in business,job search,career discovery,employer branding",http://www.linkedin.com/in/kathryn-minshew-2b186bb,http://www.themuse.com,http://twitter.com/dailymuse,New York,New York
Clay,Elliot,Business Development,Very Good Ventures,computer software,"mobile apps,design,technology consulting,product management,product development,digital technology,flutter,dart",http://www.linkedin.com/in/clayelliot,http://www.verygood.ventures,https://twitter.com/VGVentures,New York,New York
Ron,Adner,Professor,Tuck School of Business at Dartmouth College,higher education,"beautiful,mountains,travel,diversity,history,alumni,native american,landscapes,education,research,engineering,communications,arts,higher education,science,networking,student",http://www.linkedin.com/in/ron-adner-0724a25,http://www.dartmouth.edu,https://twitter.com/DALI_Lab,Hanover,New Hampshire
Markus,Wunsch,Founder & Executive Chairman,,,,http://www.linkedin.com/in/markuswunsch,,,New York,New York
Matthew,Ramer,"Principal, Financial Advisor, AIF",MOR Wealth Management,financial services,"investment management,financial planning,retirement planning,estate planning,charitable planning,socially responsible planning,enviromentally sustainable,benefit corporation,bcorp",http://www.linkedin.com/in/mattramer,http://www.morwm.com,https://twitter.com/MORWealthMgmt,Philadelphia,Pennsylvania
Eddie,Lou,Co-Founder,Shiftgig,information technology & services,"mobile,recruiting,hospitality,employment,information technology,enterprise software,software,job search,people search,company search,candidate sorting,candidate matching,ondemand labor",http://www.linkedin.com/in/eddielou,http://www.shiftgig.com,https://twitter.com/shiftgig,Chicago,Illinois
Wa'il,Ashshowwaf,Founder & CEO,Reyets,civic & social organization,"mobile application,journalism,human rights organizations,civic reporting,news,media,technology,civil rights,mobile,app,legal,security,law enforcment",http://www.linkedin.com/in/wail,http://www.reyets.com,https://twitter.com/reyets,Washington,District of Columbia
Sebastien,Long,Founder & CEO,Lodgeur,real estate,"hospitality,airbnb,travel,lodging,tourism,serviced apartments,commercial real estate,property management,multifamily,corporate lodging,real estate,vacation rentals,private equity,venture capital,travel tech,hotels,extended stay,crowdfunding,interior design,real estate investments,reit",http://www.linkedin.com/in/seblong,http://www.lodgeur.com,,Houston,Texas
Elizabeth,Hunker,Executive Advisor,elizabeth.ai,,,http://www.linkedin.com/in/elizabethshunker,http://www.elizabeth.ai,,New York,New York
Jeffrey,Schell,"Managing Director, CTO, Patent Attorney",Proov,,,http://www.linkedin.com/in/schelljeffrey,http://www.rareairventurestudio.com,,Denver,Colorado
Margery,Kraus,Founder & Executive Chairman,,,,http://www.linkedin.com/in/margerykraus,,,Washington,District of Columbia
Ed,Robinson,Co-Founder Stash,Stash,financial services,"financial services,fin tech,investment management,finance,investing,financial technology,personal finance,banking",http://www.linkedin.com/in/ed-robinson-90431617,http://www.stash.com,https://twitter.com/Stash,New York,New York
Lou,Abrams,"Founder, CEO",Fisecal,,,http://www.linkedin.com/in/louabrams,,,New York,New York
Mohammed,Hisamuddin,Co-Founder & CEO,Entri,e-learning,"mobile,education,k-12 education,gamification,information technology,games,consumer internet,internet",http://www.linkedin.com/in/hisamuddin,http://www.entri.app,http://twitter.com/entri_me,Boston,Massachusetts
Bikram,Roy,Founder,,,,,,,Akron,Ohio
Marie,Rocha,Co-founder/Managing Director,Realist Ventures,,,http://www.linkedin.com/in/marie-rocha-6407513,,,Stamford,Connecticut
Helen,Sayles,,,,,http://www.linkedin.com/in/helen-sayles-3449ba3,,,Concord,Massachusetts
Clark,Landry,"EVP, Corporate Development",Acquicent,information technology & services,application security & bug bounty,http://www.linkedin.com/in/clarklandry,http://www.inspectiv.com,https://twitter.com/inspectiv,Nashville,Tennessee
Walter,Winshall,Principal,Collaborative Seed & Growth,,,http://www.linkedin.com/in/walterwinshall,,,Boston,Massachusetts
Oleg,Tscheltzoff,Co-Founder & CEO,Fotolia,online media,"advertising,photography,consumer internet,internet,information technology,internationally curated stock image & video agency",http://www.linkedin.com/in/otscheltzoff,http://www.fotolia.com,http://twitter.com/@fotolia,New York,New York
Stefan,Martinovic,"VP, Data Partnerships",Space Acres Botanicals,"health, wellness & fitness",,http://www.linkedin.com/in/stefanmartinovic,http://www.broadacrefarm.org,,New York,New York
Michael,Cope,"Founder, CEO",Cope Ventures,computer software,"bars,contractors,home services,irish,nightlife,pet stores,pets,pubs,restaurants,structural engineers",http://www.linkedin.com/in/michael-cope-2948b8,http://www.netcom.com,,Dallas,Texas
Sridhar,Kamma,Vision as a Service / Advanced Applications / AI / AR,Funnelai,information technology & services,"small & medium businesses,sales,artificial intelligence,sales funnel,lead generation,chatbot,prospecting,deep learning,machine learning,auto dealer leads,real estate leads",http://www.linkedin.com/in/srikams,http://www.funnelai.com,http://www.twitter.com/funnelai,Austin,Texas
Ilia,Papas,"Board Member, External Advisory Board, Computer Science Program",Xandr,higher education,"education,global leadership,active citizenship,research,diversity,life sciences",http://www.linkedin.com/in/ipapas,http://www.tufts.edu,https://twitter.com/TuftsUniversity,New York,New York
Brian,Luerssen,Co-Founder,Draftbit,computer software,"productivity software,private social networking,professional networking,social crm,crm,internet,social media,enterprise software,consumer internet,information technology,software,nocode,lowcode,mobile apps,react native,visual development",http://www.linkedin.com/in/brianluerssen,http://www.draftbit.com,http://twitter.com/orchardai,Chicago,Illinois
Matt,Motsick,Chief Executive Officer,RPA Labs,information technology & services,"robotic process automation,conversational automation,business process automation,logistics automation,rpa,artificial intelligence,machine learning,natural language processing,data management,freight forwarder rpa,ai,logistics ai,logistics chatbot",http://www.linkedin.com/in/matt-motsick-a1111a6,http://www.rpalabs.com,https://twitter.com/rpalabs,Kansas City,Kansas
Andrew,Vigneault,Investor,Argo,internet,"data analytics,data visualization,data exploration,data transformation",http://www.linkedin.com/in/andrew-vigneault-8b98b81a,http://www.argo.io,https://twitter.com/theargoteam,New York,New York
Matt,McKibbin,Founder,DecentraNet,financial services,,http://www.linkedin.com/in/mattmckibbin,http://www.decentranet.com,,Austin,Texas
Rob,Perkins,Sr. Program Manager,Bubbl,computer software,"mobile engagement,mobile video,digital media,content analytics,video clips",http://www.linkedin.com/in/robperkins4,http://www.bubbl.me,https://twitter.com/bubblme,New York,New York
Jed,Cullen,Head Of Finance,JUUL Labs,consumer goods,"consumer electronics,consumer goods,hardware,consumers,information technology,adult tobacco,beverage products",http://www.linkedin.com/in/jedcullen,http://www.juullabs.com,https://twitter.com/juulvapor,New York,New York
Al,Goldstein,"Executive Chairman, Founder",Avant,internet,,http://www.linkedin.com/in/al-goldstein-a551732,http://www.stoiclane.com,,Chicago,Illinois
Farryn,Weiner,Founder,Farrynheight,marketing & advertising,"brand,marketing,branding,social media,consumer brands,dtc,brand marketing,creative,communications,social media marketing,marketing agency,branding agency",http://www.linkedin.com/in/farryn,http://www.farrynheight.com,,New York,New York
Filippo,Bovio,,Canard Yachts,,,http://www.linkedin.com/in/filippo-bovio-745ba016,http://www.canardyachts.com,,,Florida
Jett,McCandless,Co-Founder and CEO,project44,computer software,"transportation,logistics,logistics software,automotive,logistics & supply chain,cloud computing,freight,tms,enterprise saas,rating,imaging,ltl freight,3pl,tariff management,dispatch,truckload,web services,api,tracking & monitoring solutions,logistics data integration,telematics platforms,freight & logistics visibility,supply chain visibility",http://www.linkedin.com/in/jett-mccandless-b16235119,http://www.project44.com,https://twitter.com/freightpipes,Chicago,Illinois
Michael,Knox,President,Gold Ridge Asset Management,legal services,"finance technology,crowdfunding,legal tech,finance,social fundraising,social media,consumer internet,internet,information technology,legal,technology,entrepreneur,ppm,regulation a,legal documents,software,legal document automation,saas,reg tech",http://www.linkedin.com/in/michael-knox-a7946110,http://www.lawcloud.co,https://twitter.com/idisclose,New York,New York
Matthew,Sutton,Partner,Sentire Ventures,,,https://www.linkedin.com/pub/matthew-sutton/a/43/285,,,Cambridge,Massachusetts
Sarah,Novotny,"Open Source Wonk, Azure Office of the CTO",Microsoft,,,http://www.linkedin.com/in/sarahnovotny,,,Seattle,Washington
Toby,Redshaw,Chief Executive Officer,,,,http://www.linkedin.com/in/tobyeduardoredshaw,,,Montclair,New Jersey
Chris,Nicholas,,chrisnhanson.com,,,http://www.linkedin.com/in/chrisiseager,http://www.chrisnhanson.com,,New York,New York
Raza,Shaikh,Managing Director,LaunchPad Venture Group,investment management,angel investing & startups,http://www.linkedin.com/in/razashaikh,http://www.launchpadventuregroup.com,https://twitter.com/launchpadvg,Boston,Massachusetts
Olivier,Pomel,Co-Founder & CEO,Datadog,computer software,"enterprise software,cloud infrastructure,application performance monitoring,infrastructure monitoring,software,information technology,saas,apm,log management,cloud,devops,monitoring,infrastructure,distributed systems,cloud computing,opensource,golang",http://www.linkedin.com/in/olivierpomel,http://www.datadoghq.com,http://twitter.com/datadoghq,New York,New York
Eric,Rea,CEO and Co-Founder,Podium,computer software,"small & medium businesses,local,reviews & recommendations,franchises,consumer internet,internet,information technology,online reviews,reputation management,review analytics,customer reviews,small business reviews,customer interactions,customer engagement,interaction management",http://www.linkedin.com/in/ericrea,http://www.podium.com,https://twitter.com/PodiumHQ,Provo,Utah
John,Dennis,Managing Partner,Woodrock,investment banking,"capital advisory,structuring & m,a & corporate development",http://www.linkedin.com/in/john-p-dennis-iii-8413071,http://www.woodrock.com,,Houston,Minnesota
Josh,Abramowitz,Co-Founder and CEO,Bread,financial services,"financial services,finance technology,ecommerce,finance,consumer finance,technology,purchase finance,retail",http://www.linkedin.com/in/joshabramowitz,http://www.breadpayments.com,https://twitter.com/breadfinance,New York,New York
Adam,Sah,Database Research Engineer,Independent,,,http://www.linkedin.com/in/adamsah,http://www.midgard.net,,New York,New York
Serena,Glover,Partner,fbf,,,http://www.linkedin.com/in/serenaglover,http://www.allenglover.com,,Seattle,Washington
Martine,Reardon,Chief Marketing Officer,Macy's,retail,"advertising,retail,marketing,consumer internet,internet,information technology,beauty & spas,department stores,eyebrow services,fashion,hair removal,men's clothing,shopping,waxing,women's clothing",http://www.linkedin.com/in/martine-reardon-232b378,http://www.macys.com,,New York,New York
Mark,Francis,Worldwide Product Marketing Leader - Automation & Robotics; AR/VR,Amazon Web Services,"health, wellness & fitness","medical devices,medical technologies,medical,health care,automated health home care,personal emergency response systems,virtual caregiving,chronic care management,remote patient monitoring,connected health care,vitals monitoring,rehab support,fall risk identification,medication compliance monitoring,voice activated,inhome assesments,care plan adherance,glucometer,thermometer,weight scale,oximeter,cellular,wearables,connnected care app,innovation,iot,medical technology,health technology,home health care,fitness,wellness,covid19,wallpass,protector initiative,addison care,health & medical,home services,security systems",http://www.linkedin.com/in/markrfrancis,http://www.electroniccaregiver.com,https://twitter.com/ElectronicCare,Seattle,Washington
Sujatha,Kamma,Co-Founder and Chief Strategist,FunnelAI,,,http://www.linkedin.com/in/sujathakamma,,,San Antonio,Texas
Thomas,Schneider,Co-Founder,Orbit20,,,http://www.linkedin.com/in/kxter,http://www.schneiderworld.com,,Las Vegas,Nevada
Fred,Shilmover,President & Founder,InsightSquared,computer software,"saas,small & medium businesses,sales & marketing,business intelligence,enterprise software,analytics,information technology,software,data intelligence,analytics reporting,data quality monitoring,sales forecasting,salesforce,staffing,recruiting",http://www.linkedin.com/in/fredshilmover,http://www.insightsquared.com,http://twitter.com/insightsquared,Boston,Massachusetts
Florian,Seroussi,CEO,Evercontact,computer software,"saas,artificial intelligence,crm,email,enterprise software,deep information technology,consumer internet,information technology,software,internet,email optimization,ai,email management,email privacy,email software,cloud technology",http://www.linkedin.com/in/florianseroussi,http://www.evercontact.com,https://twitter.com/evercontact,New York,New York
Dan,Tyre,Executive,HubSpot,internet,"small & medium businesses,sales & marketing,content,marketing automation,enterprise software,media,software,information technology,inbound marketing,marketing,internet marketing,online marketing,web marketing,blogging,seo,social media,email marketing,analytics,sales,inbound sales,customer support,customer service,customer relationship management,help desk software,platform,customer code,culture code",http://www.linkedin.com/in/dantyre01,http://www.hubspot.com,http://twitter.com/hubspot,Scottsdale,Arizona
David,Clouse,Chairman of the Board Of Directors,Find Us Faithful Foundation,,,http://www.linkedin.com/in/dclouse,http://www.clouse.us,,Denver,Colorado
Ian,Schafer,Co-Founder @ CEO,Kindred,,,http://www.linkedin.com/in/ianschafer,http://www.ianschafer.com,,New York,New York
Alexis,Normand,Head of Blockchain Consortium and Co-Founder,Embleema,hospital & health care,"blockchain,healthcare technology,electronic medical records,healthcare,clinical research,clinical trials,medicine,technology,genomics,bioinformatics,precision medicine",http://www.linkedin.com/in/alexisnormand,http://www.embleema.com,https://twitter.com/embleema,Boston,Massachusetts
Chi,Achebe,Limited Partner,Citi,financial services,"banking,commercial banking,investment banking,wealth management,credit cards,capital markets,equity & fixed income research,consumer lending,cash management,transaction services,banks & credit unions,financial services",http://www.linkedin.com/in/chi-achebe,http://www.citigroup.com,https://twitter.com/Citi,New York,New York
Will,Weddleton,Board Member,Launchpad Venture Group,education management,"daytime interventions,summer camp,afterschool",http://www.linkedin.com/in/willweddleton,http://www.pcgus.com,https://twitter.com/UI_PCG,Quincy,Massachusetts
Tim,Beck,"Founder, CEO & Chief Coach",SAASTEPS,computer software,"leadtorevenue,email marketing,crm,ecommerce,cpq,billing,renewals,docgen,revenue management,data management,salesforce,subscriptions",http://www.linkedin.com/in/timbeck-ceo,http://www.saasteps.com,https://twitter.com/KineticGrowth,Broomfield,Colorado
Ryan,Mathisen,CEO and Co-Founder,GloveBox,insurance,"insurance,technology,insurtech",http://www.linkedin.com/in/ryan-%F0%9F%92%A5-mathisen-73487039,http://www.gloveboxapp.com,https://twitter.com/myglovebox,Littleton,Colorado
Dusty,Davidson,,Flywheel,computer software,"saas,web hosting,enterprise software,software,information technology,managed wordpress hosting,hosting for designers,wordpress hosting",http://www.linkedin.com/in/dustydavidson,http://www.getflywheel.com,http://twitter.com/heyflywheel,Omaha,Nebraska
Vishal,Rao,"Founder, Chairman and Chief Investment Officer",Hit Forge,internet,"startups,recruiting,venture capital,enterprise software,finance,software,information technology",http://www.linkedin.com/in/vishalrao,http://www.angel.co,http://twitter.com/angellist,Boston,Massachusetts
Kevin,Zuber,Brand Ambassador,,,,http://www.linkedin.com/in/kevinzuber,,,Lansing,Michigan
Chandra,Gundlapalli,Senior Vice President of Digital Transformation Strategy,CriticalRiver,,,http://www.linkedin.com/in/chandra-gundlapalli,http://www.chandragundlapalli.com,,Dallas,Texas
Taimur,Rashid,Chief Business Development Officer,Redis,,,http://www.linkedin.com/in/taimurrashid,,,Bellevue,Washington
Zoe,Barry,Founder and CEO,Zingeroo,,,http://www.linkedin.com/in/zoebarry,http://www.zapprx.com,https://twitter.com/ZappRx,Boston,Massachusetts
John,Kim,President,VRBO,,,http://www.linkedin.com/in/johnckim,,,Austin,Texas
Roberto,Bianchini,,alappinvest.com,,,http://www.linkedin.com/in/roberto-bianchini-8813b8aa,http://www.alappinvest.com,,Orlando,Florida
Andrew,Vo,Senior Sales Operations Manager,,,,http://www.linkedin.com/in/aidos-andrew,,,New York,New York
Dharmesh,Shah,Founder & CTO,HubSpot,internet,"small & medium businesses,sales & marketing,content,marketing automation,enterprise software,media,software,information technology,inbound marketing,marketing,internet marketing,online marketing,web marketing,blogging,seo,social media,email marketing,analytics,sales,inbound sales,customer support,customer service,customer relationship management,help desk software,platform,customer code,culture code",http://www.linkedin.com/in/dharmesh,http://www.hubspot.com,http://twitter.com/hubspot,Boston,Massachusetts
Neil,Parikh,,Casper,retail,"e-commerce,technology,retail,consumer internet,internet,information technology,sleep,mattresses,mattress,home,startup,ecommerce,decor,pillows,sheets,bedding",http://www.linkedin.com/in/neilparikh,http://www.casper.com,http://www.twitter.com/casper,New York,New York
Sarah,Imbach,,,,,http://www.linkedin.com/in/sarahimbach,,,Seattle,Washington
Scott,Heiferman,Co-Founder,Meetup,internet,"curated web,selforganized groups,community,events,education,people,irl,technology,mobile apps,software engineering,design,professional development,personal development,empowerment,showing up",http://www.linkedin.com/in/sheif,http://www.meetup.com,http://twitter.com/Meetup,New York,New York
Frederic,Montagnon,Co-Founder & Chairman,LGO Group,financial services,"exchange,bitcoin,cryptocurrency,blockchain,digital assets",http://www.linkedin.com/in/fredericmontagnon,http://www.lgo.group,https://twitter.com/LGOGROUP_,New York,New York
Brian,O'Kelley,Co-Founder and CEO,Waybridge,internet,"technology,advertising,global,consumer internet,internet,information technology,online advertising,advertising technology,realtime bidding,cloud computing",http://www.linkedin.com/in/brianokelley,http://www.appnexus.com,https://twitter.com/appnexus,New York,New York
Greg,Schroy,,Locke Mountain Ventures,computer software,"manufacturing,3d printing,cad,enterprise software,printing,hardware,software,information technology,additive manufacturing",http://www.linkedin.com/in/greg-schroy-34a27086,http://www.ntopology.com,https://twitter.com/ntopologyinc,New York,New York
Aaron,Kuntz,,,,,http://www.linkedin.com/in/aaron-kuntz-097887,,,Chicago,Illinois
Brian,Shore,CEO,Elevēo by ZOOM International,information technology & services,"wfm,wfo,quality management,contact center,back office,scheduling,compliance,workforce engagment,customer experience,cx,speech analytics,workforce management",http://www.linkedin.com/in/brianshore1998,http://www.eleveo.com,https://twitter.com/zoomint,Nashville,Tennessee
Brendan,Weitz,Co-Founder & CBO,Journey,,,http://www.linkedin.com/in/brendanlweitz,,,New York,New York
Marcy,Simon,Founder,The Social Project,,,http://www.linkedin.com/in/marcysimon,,,New York,New York
Severin,Hacker,CTO & Co-founder,Duolingo,internet,"mobile application,language learning,certification test,education,language education,language certification,mobile app development,language proficiency assessment,machine learning,product design,product management,software engineering,data science",http://www.linkedin.com/in/severinhacker,http://www.duolingo.com,https://twitter.com/duolingo,Pittsburgh,Pennsylvania
Steven,Vine,"EVP, Corporate Development & General Counsel",Zeta Global,marketing & advertising,"big data,email,personalization,consumer internet,enterprise software,internet,software,information technology,crm,email marketing,display advertising,crosschannel marketing,social media marketing,data management,email service provider,analytics,data warehousing,transactional email,database services,ai,artificial intelligence,customer acquisition,prospect acquisition,customer data platform,omnichannel marketing,addressability,growth marketing,customer retention",http://www.linkedin.com/in/stevenvine,http://www.zetaglobal.com,http://twitter.com/boomtrain,New York,New York
Arthur,Muldoon,CEO & Co-Founder,ArcSpan,marketing & advertising,,http://www.linkedin.com/in/artmuldoon,http://www.arcspan.com,,New York,New York
Dan,Burcaw,Co-Founder,Nami ML,computer software,"mobile,machine learning,data science",http://www.linkedin.com/in/danburcaw,http://www.namiml.com,https://twitter.com/HelloNamiML/,,Colorado
Corey,Mays,VP of Global Marketing,Obama Energy,,,http://www.linkedin.com/in/coreymays,,,Chicago,Illinois
John,Textor,Co-Owner,fuboTV,entertainment,"visual effects,animation,feature film,movies,commercials,advertising,production,digital humans,performance capture,virtual reality,situational awareness,interactive content,immersive reality,virtual humans,game cinematics,computer graphics",http://www.linkedin.com/in/john-textor-5186839,http://www.digitaldomain.com,,Jupiter,Florida
David,Mendels,Board Member,Our Generation Speaks,nonprofit organization management,,http://www.linkedin.com/in/davidmendels,http://www.movement.vote,https://twitter.com/MovementVote,Boston,Massachusetts
Caleb,Hicks,Advisor,Lambda School,e-learning,"education,higher education,online education,technical continuing education,data science,web development,education & web development,online learning,backend web development,coding",http://www.linkedin.com/in/calebhicks,http://www.lambdaschool.com,https://twitter.com/lambdaschool,Provo,Utah
David,Nelson,Partner,,,,http://www.linkedin.com/in/davidjnelson,,,Chicago,Illinois
Erik,Peterson,Founder,DormTrader,,,http://www.linkedin.com/in/companygardener,,,Chicago,Illinois
Aaron,Rankin,Co-Founder & CTO,Sprout Social,,,http://www.linkedin.com/in/aaronrankin,http://www.rfamily.ventures,,Chicago,Illinois
Brent,Crawford,Principal,Crawford Hoying,real estate,"real estate,property management,real estate development,commercial real estate,real estate services",http://www.linkedin.com/in/brent-crawford-260260a,http://www.crawfordhoying.com,https://twitter.com/crawfordhoying,Columbus,Ohio
Debra,Fine,"Director, Audit Committee",,,,http://www.linkedin.com/in/debra-fine-500211176,,,New York,New York
Erik,Bruckner,General Partner,Hit Forge,internet,"startups,recruiting,venture capital,enterprise software,finance,software,information technology",http://www.linkedin.com/in/erik-bruckner,http://www.angel.co,http://twitter.com/angellist,Columbus,Ohio
Serge,Shilnov,CEO & Founder,reOrder,,,http://www.linkedin.com/in/serge-shilnov-87852659,,,New York,New York
Hope,Taitz,CEO,ELY Capital,,,http://www.linkedin.com/in/hope-s-taitz-7b06a371,,,New York,New York
Scott,Belsky,"Chief Product Officer, Executive Vice President - Creative Cloud",Adobe,,,http://www.linkedin.com/in/scottbelsky,http://www.scottbelsky.com,,New York,New York
Clark,Valberg,Co-Founder & CEO,InVision,internet,"social media,consumer internet,internet,information technology,identity,entrepreneurs,consulting,freelance",http://www.linkedin.com/in/clarkvalberg,http://www.about.me,http://twitter.com/aboutdotme,New York,New York
Pankaj,Jain,Member of Accelerator Investment Committee,Wadi Accelerator,internet,"startups,recruiting,venture capital,enterprise software,finance,software,information technology",http://www.linkedin.com/in/pankajjain,http://www.angel.co,http://twitter.com/angellist,New York,New York
Eric,Glyman,"Co-Founder, CEO",Ramp,,,http://www.linkedin.com/in/eglyman,,,New York,New York
Inaki,Berenguer,Founder & Chief Executive Officer,CoverWallet,insurance,"insurance,general liability,workers compensation,small businesses,d,o insurance,e,cyber liability,commercial property insurance,commercial auto insurance,professional insurance,employment practices liability,insurance quotes,insurtech,fintech,internet",http://www.linkedin.com/in/inakiberenguer,http://www.coverwallet.com,https://twitter.com/coverwallet,New York,New York
David,Petraeus,"Partner, Chairman of KKR Global Institute",Kohlberg Kravis Roberts,financial services,"startups,finance,venture capital,business services,enterprise software,software,information technology,private equity,asset management,capital markets,credit,real estate,infrastructure,energy real assets,special situations",http://www.linkedin.com/in/davidpetraeus,http://www.kkr.com,http://twitter.com/home?status=Kohlberg%20Kravis%20and%20Roberts%20http://www.kkr.com/,New York,New York
Jason,Burke,Founding Member,TBD Angels,higher education,"education,global leadership,active citizenship,research,diversity,life sciences",http://www.linkedin.com/in/jmburke,http://www.tufts.edu,https://twitter.com/TuftsUniversity,Boston,Massachusetts
Simon,Anderson,Founder & CEO,LinkedIn,internet,"education,technology,financial services,finance,online professional network,jobs,people search,company search,address book,advertising,professional identity,group collaboration",http://www.linkedin.com/in/simonanderson,http://www.linkedin.com,https://twitter.com/LinkedIn,Cambridge,Massachusetts
Jonathan,Shapiro,President,Buttonsmith,consumer goods,"manufacturing,personalized products,made in the usa",http://www.linkedin.com/in/jonathan-shapiro-5061b7,http://www.buttonsmith.com,,Carnation,Washington
Serge,Kassardjian,CEO and Co-Founder,StayTuned,,,http://www.linkedin.com/in/sergekass,http://www.sergekassardjian.com,,New York,New York
Zac,Penix,Venture Adviser & Company Builder,Digital Strategies,,,http://www.linkedin.com/in/zacpenix,http://www.zacpenix.com,https://twitter.com/zacpenix,Raleigh,North Carolina
Oisin,Hanrahan,Co-Founder & Chief Executive Officer,Handy,internet,,http://www.linkedin.com/in/oisinhanrahan,http://www.everipedia.org,,New York,New York
Neil,Capel,Chief Executive Officer,solve. io,,,http://www.linkedin.com/in/neilcapel,,,New York,New York
Steve,Sadove,,,,,https://www.linkedin.com/pub/stephen-sadove/8/872/a39,,,New York,New York
William,Banks,Adjunct Professor of Entrepreneurship,Northwestern University,,,http://www.linkedin.com/in/billybanks,http://www.u.northwestern.edu,,Chicago,Illinois
JD,Sherman,President & COO,HubSpot,,,http://www.linkedin.com/in/jd-sherman-27082238,,,Cambridge,Massachusetts
Rus,Yusupov,Founder & CEO,HQTrivia,,,http://www.linkedin.com/in/rus-yusupov-5223404,,,New York,New York
Daren,Cotter,Advisory Board,darencotter.com,,,http://www.linkedin.com/in/darencotter,http://www.darencotter.com,,Minneapolis,Minnesota
Brandon,Metcalf,CEO & Founder,Place,computer software,"salesforce,forecasting,modeling,budgeting,planning,fp,a,financial forecasting,saas,professional services,cash forecasting",http://www.linkedin.com/in/metcalf,http://www.placetechnology.com,https://twitter.com/placetechnology,Austin,Texas
Garrett,Kurtt,Founder & CEO,OneClick Code,computer software,"building code verification,local building official contact information,roofing code verification,roofing code,controlling municipality information,roofing irc code,roofing ibc code,roofing iecc code,roofing code enforcement information,business to business,contractor software",http://www.linkedin.com/in/garrettkurtt,http://www.oneclickcode.com,https://twitter.com/oneclickcode,Denver,Colorado
Brandon,Krieg,CEO and Co-Founder,Stash Financial,,,http://www.linkedin.com/in/brandonkrieg1,,,New York,New York
Jon,Gelsey,,,,,http://www.linkedin.com/in/jongelsey,,,Seattle,Washington
Jose,Rodrigues,Founder & CEO,Relive,,,http://www.linkedin.com/in/j-costa-rodrigues,,,Austin,Texas
Joseph,Abebe,,,,,http://www.linkedin.com/in/joseph-abebe-528a0023,,,Seattle,Washington
Jessica,Ewing,Founder & CEO,Literati,,,http://www.linkedin.com/in/jessica-ewing-20844b48,,,Austin,Texas
Marty,Isaac,Advisor,Slidejoy,,,http://www.linkedin.com/in/martyisaac,,,Fairfield,Connecticut
Thomas,Lendvay,Co-Founder and Chief Medical Officer,MicrobiomX,,,http://www.linkedin.com/in/thomas-lendvay-b0926721,,,Seattle,Washington
Joel,Cano,Managing Partner,joelca.com,,,http://www.linkedin.com/in/joelca,http://www.joelca.com,,Miami,Florida
Damian,Nicholson,Licensed Realtor,,,,http://www.linkedin.com/in/damian-nicholson-832910179,,,,Colorado
Gerald,Bruce,Executive Vice President of Commercial Operations and Board Member,,,,http://www.linkedin.com/in/geraldwbruce,,,,Florida